/* ---------------------------------------------------- */
/*  Generated by Enterprise Architect Version 14.1 		*/
/*  Created On : 28-août-2020 17:50:55 				*/
/*  DBMS       : MySql 						*/
/* ---------------------------------------------------- */
CREATE DATABASE IF NOT EXISTS `aires_protegees_madagascar` DEFAULT CHARACTER SET utf8mb4 COLLATE utf8mb4_general_ci;
USE `aires_protegees_madagascar`;

SET FOREIGN_KEY_CHECKS=0
; 
/* Drop Tables */

DROP TABLE IF EXISTS `Actualites` CASCADE
;

DROP TABLE IF EXISTS `Administrateurs` CASCADE
;

DROP TABLE IF EXISTS `Aires_Protegees` CASCADE
;

DROP TABLE IF EXISTS `Cible_Conservation` CASCADE
;

DROP TABLE IF EXISTS `Communes` CASCADE
;

DROP TABLE IF EXISTS `Districts` CASCADE
;

DROP TABLE IF EXISTS `Documents` CASCADE
;

DROP TABLE IF EXISTS `FeedBack` CASCADE
;

DROP TABLE IF EXISTS `Fokontany` CASCADE
;

DROP TABLE IF EXISTS `Geolocalisation` CASCADE
;

DROP TABLE IF EXISTS `Gestionnaire` CASCADE
;

DROP TABLE IF EXISTS `Images` CASCADE
;

DROP TABLE IF EXISTS `Impacts` CASCADE
;

DROP TABLE IF EXISTS `Menaces` CASCADE
;

DROP TABLE IF EXISTS `Mode_Gestion` CASCADE
;

DROP TABLE IF EXISTS `Population` CASCADE
;

DROP TABLE IF EXISTS `Provinces` CASCADE
;

DROP TABLE IF EXISTS `Quiz` CASCADE
;

DROP TABLE IF EXISTS `Quiz_detail` CASCADE
;

DROP TABLE IF EXISTS `Quiz_resultats` CASCADE
;

DROP TABLE IF EXISTS `Regions` CASCADE
;

DROP TABLE IF EXISTS `Statut_Categorie_IUCN` CASCADE
;

DROP TABLE IF EXISTS `Visite_Virtuelle` CASCADE
;

/* Create Tables */

CREATE TABLE `Actualites`
(
	`id` INT NOT NULL AUTO_INCREMENT,
	`titre_actualite` VARCHAR(255) NOT NULL,
	`date_publication` DATE NOT NULL DEFAULT current_timestamp(),
	`contenu_actualite` TEXT NOT NULL,
	`image_actualite` VARCHAR(500) NULL,
	`auteur_actualite` VARCHAR(255) NOT NULL,
	CONSTRAINT `PK_Table1` PRIMARY KEY (`id` ASC)
)

;

CREATE TABLE `Administrateurs`
(
	`id` INT NOT NULL AUTO_INCREMENT,
	`nom` VARCHAR(50) NOT NULL,
	`prenom` VARCHAR(50) NOT NULL,
	`utilisateur` VARCHAR(50) NOT NULL,
	`password` VARCHAR(255) NOT NULL,
	`date_creation` DATETIME NOT NULL DEFAULT current_timestamp(),
	`date_modification` DATETIME NOT NULL DEFAULT current_timestamp(),
	CONSTRAINT `PK_Administrateur` PRIMARY KEY (`id` ASC)
)

;

CREATE TABLE `Aires_Protegees` 
(
	`id_ap` INT NOT NULL AUTO_INCREMENT,
	`nom_du_site` VARCHAR(255) NOT NULL,
	`type_ap` VARCHAR(50) NOT NULL,
	`historique` LONGTEXT NOT NULL,
	`superficie_decret` INT NULL,
	`superficie_nd` INT NULL,
	`superficie_zt` INT NULL,
	`date_creation_ap` DATE NOT NULL,
	`arrete_mise_en_protection` VARCHAR(50) NULL,
	`date_mise_en_protection` DATE NULL,
	`arrete_decret_en_cours` VARCHAR(50) NULL,
	`numero_decret` VARCHAR(50) NULL,
	`date_signature` DATE NULL,
	`id_statut_categorie_iucn` INT NOT NULL,
	`id_gestionnaire` INT NOT NULL,
	`id_mode_gestion` INT NOT NULL,
	`regions` TEXT NULL,
	`districts` TEXT NULL,
	`communes` TEXT NULL,
	`fokontany` TEXT NULL,
	`ap_image` VARCHAR(255) NULL,
	`menaces` TEXT NULL,
	`potentialites` TEXT NULL,
	CONSTRAINT `PK_Aires_Protegees` PRIMARY KEY (`id_ap` ASC)
)

;

CREATE TABLE `Cible_Conservation`
(
	`id` INT NOT NULL AUTO_INCREMENT,
	`type_cible_conservation` VARCHAR(100) NOT NULL,
	`nom_cible_conservation` VARCHAR(255) NOT NULL,
	`description_cible_conservation` TEXT NULL,
	`image_cible` VARCHAR(500) NULL,
	`id_aire_protegee` INT NULL,
	CONSTRAINT `PK_Cible_Conservation` PRIMARY KEY (`id` ASC)
)

;

CREATE TABLE `Communes`
(
	`id` INT NOT NULL AUTO_INCREMENT,
	`commune` VARCHAR(100) NOT NULL,
	`id_district` INT NOT NULL,
	CONSTRAINT `PK_Communes` PRIMARY KEY (`id` ASC)
)

;

CREATE TABLE `Districts`
(
	`id` INT NOT NULL AUTO_INCREMENT,
	`district` VARCHAR(100) NOT NULL,
	`id_region` INT NOT NULL,
	CONSTRAINT `PK_Districts` PRIMARY KEY (`id` ASC)
)

;

CREATE TABLE `Documents`
(
	`id` INT NOT NULL AUTO_INCREMENT,
	`titre` VARCHAR(100) NOT NULL,
	`lien` VARCHAR(500) NOT NULL,
	CONSTRAINT `PK_Documents` PRIMARY KEY (`id` ASC)
)

;

CREATE TABLE `FeedBack`
(
	`id` INT NOT NULL AUTO_INCREMENT,
	`nom` VARCHAR(100) NOT NULL,
	`prenoms` VARCHAR(50) NOT NULL,
	`email` VARCHAR(100) NULL,
	`sujet` VARCHAR(50) NOT NULL,
	`message` VARCHAR(3000) NOT NULL,
	`date_creation` DATETIME NOT NULL DEFAULT current_timestamp(),
	`vu` BOOL NOT NULL,
	CONSTRAINT `PK_FeedBack` PRIMARY KEY (`id` ASC)
)

;

CREATE TABLE `Fokontany`
(
	`id` INT NOT NULL AUTO_INCREMENT,
	`fokontany` VARCHAR(100) NOT NULL,
	`id_commune` INT NOT NULL,
	CONSTRAINT `PK_Fokontany` PRIMARY KEY (`id` ASC)
)

;

CREATE TABLE `Geolocalisation`
(
	`id` INT NOT NULL AUTO_INCREMENT,
	`geojson` LONGTEXT NOT NULL,
	`id_aire_protegee` INT NOT NULL,
	CONSTRAINT `PK_Geolocalisation` PRIMARY KEY (`id` ASC)
)

;

CREATE TABLE `Gestionnaire`
(
	`id` INT NOT NULL AUTO_INCREMENT,
	`nom_gestionnaire` VARCHAR(50) NOT NULL,
	`description_gestionnaire` TEXT NULL,
	`date_creation_gestionnaire` DATE NULL,
	CONSTRAINT `PK_Gestionnaire` PRIMARY KEY (`id` ASC)
)

;

CREATE TABLE `Images`
(
	`id` INT NOT NULL AUTO_INCREMENT,
	`description_image` VARCHAR(255) NULL,
	`image` VARCHAR(500) NOT NULL,
	`id_aire_protegee` INT NOT NULL,
	CONSTRAINT `PK_Images` PRIMARY KEY (`id` ASC)
)

;

CREATE TABLE `Impacts`
(
	`id` INT NOT NULL AUTO_INCREMENT,
	`population` VARCHAR(255) NOT NULL,
	`type_impact` VARCHAR(50) NULL,
	`description_impact` TEXT NULL,
	`image_impact` VARCHAR(255) NULL,
	`id_aire_protege` INT NOT NULL,
	CONSTRAINT `PK_Impacts` PRIMARY KEY (`id` ASC)
)

;

CREATE TABLE `Menaces`
(
	`id` INT NOT NULL AUTO_INCREMENT,
	`menace` VARCHAR(255) NOT NULL,
	`description_menace` POLYGON NULL,
	`id_aire_protegee` INT NOT NULL,
	CONSTRAINT `PK_Menaces` PRIMARY KEY (`id` ASC)
)

;

CREATE TABLE `Mode_Gestion`
(
	`id` INT NOT NULL AUTO_INCREMENT,
	`type_mode_gestion` VARCHAR(100) NOT NULL,
	`description` TEXT NULL,
	CONSTRAINT `PK_Mode_Gestion` PRIMARY KEY (`id` ASC)
)

;

CREATE TABLE `Population`
(
	`id_population` INT NOT NULL AUTO_INCREMENT,
	`nom_population` VARCHAR(100) NOT NULL,
	`description` TEXT NULL,
	`impacts` TEXT NULL,
	`image_population` VARCHAR(255) NULL,
	`id_aire_protegee` INT NULL,
	CONSTRAINT `PK_Population` PRIMARY KEY (`id_population` ASC)
)

;

CREATE TABLE `Provinces`
(
	`id` INT NOT NULL AUTO_INCREMENT,
	`province` VARCHAR(50) NOT NULL,
	CONSTRAINT `PK_Provinces` PRIMARY KEY (`id` ASC)
)

;

CREATE TABLE `Quiz`
(
	`id_quiz` INT NOT NULL AUTO_INCREMENT,
	`nom_quiz` VARCHAR(255) NOT NULL,
	CONSTRAINT `PK_Quiz` PRIMARY KEY (`id_quiz` ASC)
)

;

CREATE TABLE `Quiz_detail`
(
	`id` INT NOT NULL AUTO_INCREMENT,
	`question` VARCHAR(255) NOT NULL,
	`optionA` VARCHAR(255) NOT NULL,
	`optionB` VARCHAR(255) NOT NULL,
	`optionC` VARCHAR(255) NOT NULL,
	`optionD` VARCHAR(255) NOT NULL,
	`reponse` VARCHAR(50) NOT NULL,
	`id_quiz` INT NOT NULL,
	CONSTRAINT `PK_Quiz_detail` PRIMARY KEY (`id` ASC)
)

;

CREATE TABLE `Quiz_resultats`
(
	`id` INT NOT NULL AUTO_INCREMENT,
	`score` INT NOT NULL,
	`total_question` INT NOT NULL,
	`question_repondu` INT NOT NULL,
	`correct` INT NOT NULL,
	`incorrect` INT NOT NULL,
	`indices` INT NOT NULL,
	`elimination_fifty` INT NOT NULL,
	`joueur` VARCHAR(50) NOT NULL,
	`id_quiz` INT NOT NULL,
	CONSTRAINT `PK_Quiz_resultats` PRIMARY KEY (`id` ASC)
)

;

CREATE TABLE `Regions`
(
	`id` INT NOT NULL AUTO_INCREMENT,
	`region` VARCHAR(100) NOT NULL,
	`id_province` INT NOT NULL,
	CONSTRAINT `PK_Regions` PRIMARY KEY (`id` ASC)
)

;

CREATE TABLE `Statut_Categorie_IUCN`
(
	`id` INT NOT NULL AUTO_INCREMENT,
	`code_statut_categorie_iucn` VARCHAR(50) NOT NULL,
	`statut_fr` VARCHAR(255) NOT NULL,
	`categorie` VARCHAR(10) NOT NULL,
	`statut_mg` VARCHAR(255) NULL,
	`description_categorie_iucn` TEXT NOT NULL,
	CONSTRAINT `PK_Statut_Categorie_IUCN` PRIMARY KEY (`id` ASC)
)

;

CREATE TABLE `Visite_Virtuelle`
(
	`id` INT NOT NULL AUTO_INCREMENT,
	`nom_visite` VARCHAR(255) NOT NULL,
	`image_nord` VARCHAR(500) NULL,
	`image_est` VARCHAR(500) NULL,
	`image_centre` VARCHAR(500) NOT NULL,
	`image_ouest` VARCHAR(500) NULL,
	`image_sud` VARCHAR(500) NULL,
	`id_aire_protegee` INT NOT NULL,
	CONSTRAINT `PK_Visite_Vituelle` PRIMARY KEY (`id` ASC)
)

;

/* Create Primary Keys, Indexes, Uniques, Checks */

ALTER TABLE `Aires_Protegees` 
 ADD INDEX `IXFK_Aires_Protegees_Gestionnaire` (`id_gestionnaire` ASC)
;

ALTER TABLE `Aires_Protegees` 
 ADD INDEX `IXFK_Aires_Protegees_Mode_Gestion` (`id_mode_gestion` ASC)
;

ALTER TABLE `Aires_Protegees` 
 ADD INDEX `IXFK_Aires_Protegees_Statut_Categorie_IUCN` (`id_statut_categorie_iucn` ASC)
;

ALTER TABLE `Cible_Conservation` 
 ADD INDEX `IXFK_Cible_Conservation_Aires_Protegees` (`id_aire_protegee` ASC)
;

ALTER TABLE `Communes` 
 ADD INDEX `IXFK_Communes_Districts` (`id_district` ASC)
;

ALTER TABLE `Districts` 
 ADD INDEX `IXFK_Districts_Regions` (`id_region` ASC)
;

ALTER TABLE `Fokontany` 
 ADD INDEX `IXFK_Fokontany_Communes` (`id_commune` ASC)
;

ALTER TABLE `Geolocalisation` 
 ADD INDEX `IXFK_Geolocalisation_Aires_Protegees` (`id_aire_protegee` ASC)
;

ALTER TABLE `Images` 
 ADD INDEX `IXFK_Images_Aires_Protegees` (`id_aire_protegee` ASC)
;

ALTER TABLE `Impacts` 
 ADD INDEX `IXFK_Impacts_Aires_Protegees` (`id_aire_protege` ASC)
;

ALTER TABLE `Menaces` 
 ADD INDEX `IXFK_Menaces_Aires_Protegees` (`id_aire_protegee` ASC)
;

ALTER TABLE `Population` 
 ADD INDEX `IXFK_Population_Aires_Protegees` (`id_aire_protegee` ASC)
;

ALTER TABLE `Quiz_detail` 
 ADD INDEX `IXFK_Quiz_detail_Quiz` (`id_quiz` ASC)
;

ALTER TABLE `Quiz_resultats` 
 ADD INDEX `IXFK_Quiz_resultats_Quiz` (`id_quiz` ASC)
;

ALTER TABLE `Regions` 
 ADD INDEX `IXFK_Regions_Provinces` (`id_province` ASC)
;

ALTER TABLE `Visite_Virtuelle` 
 ADD INDEX `IXFK_Visite_Vituelle_Aires_Protegees` (`id_aire_protegee` ASC)
;

/* Create Foreign Key Constraints */

ALTER TABLE `Aires_Protegees` 
 ADD CONSTRAINT `FK_Aires_Protegees_Gestionnaire`
	FOREIGN KEY (`id_gestionnaire`) REFERENCES `Gestionnaire` (`id`) ON DELETE Restrict ON UPDATE Restrict
;

ALTER TABLE `Aires_Protegees` 
 ADD CONSTRAINT `FK_Aires_Protegees_Mode_Gestion`
	FOREIGN KEY (`id_mode_gestion`) REFERENCES `Mode_Gestion` (`id`) ON DELETE Restrict ON UPDATE Restrict
;

ALTER TABLE `Aires_Protegees` 
 ADD CONSTRAINT `FK_Aires_Protegees_Statut_Categorie_IUCN`
	FOREIGN KEY (`id_statut_categorie_iucn`) REFERENCES `Statut_Categorie_IUCN` (`id`) ON DELETE Restrict ON UPDATE Restrict
;

ALTER TABLE `Cible_Conservation` 
 ADD CONSTRAINT `FK_Cible_Conservation_Aires_Protegees`
	FOREIGN KEY (`id_aire_protegee`) REFERENCES `Aires_Protegees` (`id_ap`) ON DELETE Cascade ON UPDATE Cascade
;

ALTER TABLE `Communes` 
 ADD CONSTRAINT `FK_Communes_Districts`
	FOREIGN KEY (`id_district`) REFERENCES `Districts` (`id`) ON DELETE Cascade ON UPDATE Cascade
;

ALTER TABLE `Districts` 
 ADD CONSTRAINT `FK_Districts_Regions`
	FOREIGN KEY (`id_region`) REFERENCES `Regions` (`id`) ON DELETE Cascade ON UPDATE Cascade
;

ALTER TABLE `Fokontany` 
 ADD CONSTRAINT `FK_Fokontany_Communes`
	FOREIGN KEY (`id_commune`) REFERENCES `Communes` (`id`) ON DELETE Cascade ON UPDATE Cascade
;

ALTER TABLE `Geolocalisation` 
 ADD CONSTRAINT `FK_Geolocalisation_Aires_Protegees`
	FOREIGN KEY (`id_aire_protegee`) REFERENCES `Aires_Protegees` (`id_ap`) ON DELETE Cascade ON UPDATE Cascade
;

ALTER TABLE `Images` 
 ADD CONSTRAINT `FK_Images_Aires_Protegees`
	FOREIGN KEY (`id_aire_protegee`) REFERENCES `Aires_Protegees` (`id_ap`) ON DELETE Cascade ON UPDATE Cascade
;

ALTER TABLE `Impacts` 
 ADD CONSTRAINT `FK_Impacts_Aires_Protegees`
	FOREIGN KEY (`id_aire_protege`) REFERENCES `Aires_Protegees` (`id_ap`) ON DELETE Cascade ON UPDATE Cascade
;

ALTER TABLE `Menaces` 
 ADD CONSTRAINT `FK_Menaces_Aires_Protegees`
	FOREIGN KEY (`id_aire_protegee`) REFERENCES `Aires_Protegees` (`id_ap`) ON DELETE Cascade ON UPDATE Cascade
;

ALTER TABLE `Population` 
 ADD CONSTRAINT `FK_Population_Aires_Protegees`
	FOREIGN KEY (`id_aire_protegee`) REFERENCES `Aires_Protegees` (`id_ap`) ON DELETE Restrict ON UPDATE Restrict
;

ALTER TABLE `Quiz_detail` 
 ADD CONSTRAINT `FK_Quiz_detail_Quiz`
	FOREIGN KEY (`id_quiz`) REFERENCES `Quiz` (`id_quiz`) ON DELETE Restrict ON UPDATE Restrict
;

ALTER TABLE `Quiz_resultats` 
 ADD CONSTRAINT `FK_Quiz_resultats_Quiz`
	FOREIGN KEY (`id_quiz`) REFERENCES `Quiz` (`id_quiz`) ON DELETE Restrict ON UPDATE Restrict
;

ALTER TABLE `Regions` 
 ADD CONSTRAINT `FK_Regions_Provinces`
	FOREIGN KEY (`id_province`) REFERENCES `Provinces` (`id`) ON DELETE Cascade ON UPDATE Cascade
;

ALTER TABLE `Visite_Virtuelle` 
 ADD CONSTRAINT `FK_Visite_Vituelle_Aires_Protegees`
	FOREIGN KEY (`id_aire_protegee`) REFERENCES `Aires_Protegees` (`id_ap`) ON DELETE Cascade ON UPDATE Cascade
;

SET FOREIGN_KEY_CHECKS=1
; 

INSERT INTO Provinces VALUES(1,"Antsiranana");
INSERT INTO Provinces VALUES(2,"Antananarivo");
INSERT INTO Provinces VALUES(3,"Majunga");
INSERT INTO Provinces VALUES(4,"Tamatave");
INSERT INTO Provinces VALUES(5,"Fianarantsoa");
INSERT INTO Provinces VALUES(6,"Toliara");

INSERT INTO Regions VALUES(1,"Diana",1);
INSERT INTO Regions VALUES(2,"Sava",1);

INSERT INTO Regions VALUES(3,"Itasy",2);
INSERT INTO Regions VALUES(4,"Analamanga",2);
INSERT INTO Regions VALUES(5,"Vakinankaratra",2);
INSERT INTO Regions VALUES(6,"Bongolava",2);

INSERT INTO Regions VALUES(7,"Sofia",3);
INSERT INTO Regions VALUES(8,"Boeny",3);
INSERT INTO Regions VALUES(9,"Betsiboka",3);
INSERT INTO Regions VALUES(10,"Melaky",3);

INSERT INTO Regions VALUES(11,"Alaotra-Mangoro",4);
INSERT INTO Regions VALUES(12,"Atsinanana",4);
INSERT INTO Regions VALUES(13,"Analanjirofo",4);

INSERT INTO Regions VALUES(14,"Amoron'i Mania",5);
INSERT INTO Regions VALUES(15,"Haute Matsiatra",5);
INSERT INTO Regions VALUES(16,"Vatovavy-Fitovinany",5);
INSERT INTO Regions VALUES(17,"Atsimo-Atsinanana",5);
INSERT INTO Regions VALUES(18,"Ihorombe",5);

INSERT INTO Regions VALUES(19,"Menabe",6);
INSERT INTO Regions VALUES(20,"Atsimo-Andrefana",6);
INSERT INTO Regions VALUES(21,"Androy",6);
INSERT INTO Regions VALUES(22,"Anôsy",6);

INSERT INTO Districts VALUES(1,"Ambanja",1);
INSERT INTO Districts VALUES(2,"Ambilobe",1);
INSERT INTO Districts VALUES(3,"Antsiranana I",1);
INSERT INTO Districts VALUES(4,"Antsiranana II",1);
INSERT INTO Districts VALUES(5,"District de Nosy Be",1);
INSERT INTO Districts VALUES(6,"Andapa",2);
INSERT INTO Districts VALUES(7,"Antalaha",2);
INSERT INTO Districts VALUES(8,"Sambava",2);
INSERT INTO Districts VALUES(9,"Vohemar",2);
INSERT INTO Districts VALUES(10,"Arivonimamo",3);
INSERT INTO Districts VALUES(11,"Miarinarivo",3);
INSERT INTO Districts VALUES(12,"Soavinandriana",3);
INSERT INTO Districts VALUES(13,"Ambohidratrimo",4);
INSERT INTO Districts VALUES(14,"Andramasina",4);
INSERT INTO Districts VALUES(15,"Anjozorobe",4);
INSERT INTO Districts VALUES(16,"Ankazobe",4);
INSERT INTO Districts VALUES(17,"Antananarivo Atsimondrano",4);
INSERT INTO Districts VALUES(18,"Antananarivo Avaradrano",4);
INSERT INTO Districts VALUES(19,"Antananarivo-Renivohitra",4);
INSERT INTO Districts VALUES(20,"Manjakandriana",4);
INSERT INTO Districts VALUES(21,"Ambatolampy",5);
INSERT INTO Districts VALUES(22,"Antanifotsy",5);
INSERT INTO Districts VALUES(23,"Antsirabe I",5);
INSERT INTO Districts VALUES(24,"Antsirabe II",5);
INSERT INTO Districts VALUES(25,"Betafo",5);
INSERT INTO Districts VALUES(26,"Faratsiho",5);
INSERT INTO Districts VALUES(27,"Mandoto",5);
INSERT INTO Districts VALUES(28,"Fenoarivobe",6);
INSERT INTO Districts VALUES(29,"Tsiroanomandidy",6);
INSERT INTO Districts VALUES(30,"Analalava",7);
INSERT INTO Districts VALUES(31,"Antsohihy",7);
INSERT INTO Districts VALUES(32,"Bealanana",7);
INSERT INTO Districts VALUES(33,"Befandriana Avaratra",7);
INSERT INTO Districts VALUES(34,"Boriziny",7);
INSERT INTO Districts VALUES(35,"Mampikony",7);
INSERT INTO Districts VALUES(36,"Mandritsara",7);
INSERT INTO Districts VALUES(37,"Ambato-Boeny",8);
INSERT INTO Districts VALUES(38,"Mahajanga I",8);
INSERT INTO Districts VALUES(39,"Mahajanga II",8);
INSERT INTO Districts VALUES(40,"Marovoay",8);
INSERT INTO Districts VALUES(41,"Mitsinjo",8);
INSERT INTO Districts VALUES(42,"Soalala",8);
INSERT INTO Districts VALUES(43,"Kandreho",9);
INSERT INTO Districts VALUES(44,"Maevatanana",9);
INSERT INTO Districts VALUES(45,"Tsaratanana",9);
INSERT INTO Districts VALUES(46,"Ambatomainty",10);
INSERT INTO Districts VALUES(47,"Antsalova",10);
INSERT INTO Districts VALUES(48,"Besalampy",10);
INSERT INTO Districts VALUES(49,"Maintirano",10);
INSERT INTO Districts VALUES(50,"Morafenobe",10);
INSERT INTO Districts VALUES(51,"Ambatondrazaka",11);
INSERT INTO Districts VALUES(52,"Amparafaravola",11);
INSERT INTO Districts VALUES(53,"Andilamena",11);
INSERT INTO Districts VALUES(54,"Anosibe An'ala",11);
INSERT INTO Districts VALUES(55,"Moramanga",11);
INSERT INTO Districts VALUES(56,"Antanambao Manampotsy",12);
INSERT INTO Districts VALUES(57,"Mahanoro",12);
INSERT INTO Districts VALUES(58,"Marolambo",12);
INSERT INTO Districts VALUES(59,"Toamasina I",12);
INSERT INTO Districts VALUES(60,"Toamasina II",12);
INSERT INTO Districts VALUES(61,"Vatomandry",12);
INSERT INTO Districts VALUES(62,"Vohibinany",12);
INSERT INTO Districts VALUES(63,"District de Nosy Boraha",13);
INSERT INTO Districts VALUES(64,"Fenoarivo Atsinanana",13);
INSERT INTO Districts VALUES(65,"Mananara Avaratra",13);
INSERT INTO Districts VALUES(66,"Maroantsetra",13);
INSERT INTO Districts VALUES(67,"Soanierana Ivongo",13);
INSERT INTO Districts VALUES(68,"Vavatenina",13);
INSERT INTO Districts VALUES(69,"Ambatofinandrahana",14);
INSERT INTO Districts VALUES(70,"Ambositra",14);
INSERT INTO Districts VALUES(71,"Fandriana",14);
INSERT INTO Districts VALUES(72,"Manandriana",14);
INSERT INTO Districts VALUES(73,"Ambalavao",15);
INSERT INTO Districts VALUES(74,"Ambohimahasoa",15);
INSERT INTO Districts VALUES(75,"Fianarantsoa",15);
INSERT INTO Districts VALUES(76,"Ikalamavony",15);
INSERT INTO Districts VALUES(77,"Isandra",15);
INSERT INTO Districts VALUES(78,"Lalangina",15);
INSERT INTO Districts VALUES(79,"Vohibato",15);
INSERT INTO Districts VALUES(80,"Ifanadiana",16);
INSERT INTO Districts VALUES(81,"Ikongo",16);
INSERT INTO Districts VALUES(82,"Manakara",16);
INSERT INTO Districts VALUES(83,"Mananjary",16);
INSERT INTO Districts VALUES(84,"Nosy Varika",16);
INSERT INTO Districts VALUES(85,"Vohipeno",16);
INSERT INTO Districts VALUES(86,"Befotaka",17);
INSERT INTO Districts VALUES(87,"Farafangana",17);
INSERT INTO Districts VALUES(88,"Midongy Atsimo",17);
INSERT INTO Districts VALUES(89,"Vangaindrano",17);
INSERT INTO Districts VALUES(90,"Vondrozo",17);
INSERT INTO Districts VALUES(91,"Iakora",18);
INSERT INTO Districts VALUES(92,"Ihosy",18);
INSERT INTO Districts VALUES(93,"Ivohibe",18);
INSERT INTO Districts VALUES(94,"Belo sur Tsiribihina",19);
INSERT INTO Districts VALUES(95,"Mahabo",19);
INSERT INTO Districts VALUES(96,"Manja",19);
INSERT INTO Districts VALUES(97,"Miandrivazo",19);
INSERT INTO Districts VALUES(98,"Morondava",19);
INSERT INTO Districts VALUES(99,"Ampanihy",20);
INSERT INTO Districts VALUES(100,"Ankazoabo",20);
INSERT INTO Districts VALUES(101,"Benenitra",20);
INSERT INTO Districts VALUES(102,"Beroroha",20);
INSERT INTO Districts VALUES(103,"Betioky-Atsimo",20);
INSERT INTO Districts VALUES(104,"Morombe",20);
INSERT INTO Districts VALUES(105,"Sakaraha",20);
INSERT INTO Districts VALUES(106,"Toliara I",20);
INSERT INTO Districts VALUES(107,"Toliara II",20);
INSERT INTO Districts VALUES(108,"Ambovombe-Androy",21);
INSERT INTO Districts VALUES(109,"Bekily",21);
INSERT INTO Districts VALUES(110,"Beloha",21);
INSERT INTO Districts VALUES(111,"Tsihombe",21);
INSERT INTO Districts VALUES(112,"Amboasary-Atsimo",22);
INSERT INTO Districts VALUES(113,"Betroka",22);
INSERT INTO Districts VALUES(114,"Taolanaro",22);

INSERT INTO Statut_Categorie_IUCN VALUES(1,"RNI","Réserve Naturelle Intégrale", "Ia","TAHIRIN-JAVABOAARY","");
INSERT INTO Statut_Categorie_IUCN VALUES(2,"ZNS","Zone de Nature Sauvage", "Ib","TAHIRIN-JAVABOAARY","");
INSERT INTO Statut_Categorie_IUCN VALUES(3,"PN","Parc National ou Parc Naturel", "II","VALAN-JAVABOAARY","");
INSERT INTO Statut_Categorie_IUCN VALUES(4,"MONAT","Monument Naturel", "III","TAHIRIM-BAKOKA VOAJANAHARY","");
INSERT INTO Statut_Categorie_IUCN VALUES(5,"RS","Réserve Spéciale", "IV","TAHIRIN-JAVABOAARY MANOKANA","");
INSERT INTO Statut_Categorie_IUCN VALUES(6,"PHP","Paysage Harmonieux Protégé", "V","TONTOLO MIRINDRA VOAARO","");
INSERT INTO Statut_Categorie_IUCN VALUES(7,"RRN","Réserve de Ressources Naturelles", "VI","TAHIRIN-KARENA VOAJANAHARY","");
INSERT INTO Statut_Categorie_IUCN VALUES(8,"Non défini","Non défini", "Non défini","TSY FATATRA","");

INSERT INTO Gestionnaire VALUES(1,"ASITY Mcar",null,null);
INSERT INTO Gestionnaire VALUES(2,"BCM",null,null);
INSERT INTO Gestionnaire VALUES(3,"Blue Ventures",null,null);
INSERT INTO Gestionnaire VALUES(4,"CI",null,null);
INSERT INTO Gestionnaire VALUES(5,"DELC",null,null);
INSERT INTO Gestionnaire VALUES(6,"DURRELL",null,null);
INSERT INTO Gestionnaire VALUES(7,"ESSA Forêt",null,null);
INSERT INTO Gestionnaire VALUES(8,"FANAMBY",null,null);
INSERT INTO Gestionnaire VALUES(9,"FBM",null,null);
INSERT INTO Gestionnaire VALUES(10,"GERP",null,null);
INSERT INTO Gestionnaire VALUES(11,"Association TAMIA",null,null);
INSERT INTO Gestionnaire VALUES(12,"Lemuria Land",null,null);
INSERT INTO Gestionnaire VALUES(13,"MAVOA",null,null);
INSERT INTO Gestionnaire VALUES(14,"MBG",null,null);
INSERT INTO Gestionnaire VALUES(15,"MEDD",null,null);
INSERT INTO Gestionnaire VALUES(16,"MEEF",null,null);
INSERT INTO Gestionnaire VALUES(17,"DBEV",null,null);
INSERT INTO Gestionnaire VALUES(18,"MNHN",null,null);
INSERT INTO Gestionnaire VALUES(19,"MNP",null,null);
INSERT INTO Gestionnaire VALUES(20,"QMM",null,null);
INSERT INTO Gestionnaire VALUES(21,"RBG KEW",null,null);
INSERT INTO Gestionnaire VALUES(22,"SAGE",null,null);
INSERT INTO Gestionnaire VALUES(23,"SEDIM",null,null);
INSERT INTO Gestionnaire VALUES(24,"TPF",null,null);
INSERT INTO Gestionnaire VALUES(25,"VIF",null,null);
INSERT INTO Gestionnaire VALUES(26,"WCS",null,null);
INSERT INTO Gestionnaire VALUES(27,"WWF",null,null);
INSERT INTO Gestionnaire VALUES(28,"ANJAJAVY LODGE",null,null);
INSERT INTO Gestionnaire VALUES(29,"SEAR",null,null);
INSERT INTO Gestionnaire VALUES(30,"MICET",null,null);
INSERT INTO Gestionnaire VALUES(31,"ONG SADABE",null,null);
INSERT INTO Gestionnaire VALUES(32,"Etc Terra",null,null);
INSERT INTO Gestionnaire VALUES(33,"NaturEvolution",null,null);
INSERT INTO Gestionnaire VALUES(34,"ONG MADA",null,null);
INSERT INTO Gestionnaire VALUES(35,"Tany Meva",null,null);
INSERT INTO Gestionnaire VALUES(36,"GRET",null,null);

INSERT INTO Mode_Gestion VALUES(1,"Aires Protégées Gérées par l’Etat","");
INSERT INTO Mode_Gestion VALUES(2,"Aires Protégées cogérées(Gestion conjointe ou collaborative)","");
INSERT INTO Mode_Gestion VALUES(3,"Aires Protégées Privées (APP)","");
INSERT INTO Mode_Gestion VALUES(4,"Aires Protégées Communautaire (APC)","");
INSERT INTO Mode_Gestion VALUES(5,"Non défini","");

INSERT INTO Administrateurs VALUES (1, 'RABEMANANTSOA', 'Jason', 'Jason', '$2y$10$OHdPeHrphAfEPoBVGihgmeL5rQE7XPCYZLYG8ECQi0yIi7Whpw9Em', CURRENT_DATE(), CURRENT_DATE());
